﻿<?xml version="1.0" encoding="utf-8"?>
<addon id="plugin.video.atomworld" name="[COLOR ghostwhite]Atomworld Iptv[/COLOR]" version="1.1.1" provider-name="AtomWorld Streams">
  <requires>
    <import addon="xbmc.python" version="2.1.0" />
    <import addon="script.module.requests" />
  </requires>
  <extension point="xbmc.python.pluginsource" library="default.py">
    <provides>video</provides>
  </extension>
  <extension point="xbmc.addon.metadata">
    <summary lang="en">AtomWorld</summary>
    <language>en</language>
    <description lang="en">AtomWorld-Supplier of Great Quality and Stable Streams.
-We do not own any content you are about to stream! We always recommend a quality VPN </description>
    <platform>all</platform>
  </extension>
</addon>